{
  "version": 1,
  "author": "Anonymous maker",
  "editor": "wokwi",
  "parts": [
    {
      "type": "wokwi-pi-pico",
      "id": "pico",
      "top": 23.15,
      "left": -93.26,
      "attrs": { "env": "micropython-20220117-v1.18" }
    },
    {
      "type": "wokwi-resistor",
      "id": "r1",
      "top": 125.01,
      "left": 16.17,
      "attrs": { "value": "1000" }
    },
    {
      "type": "wokwi-resistor",
      "id": "r2",
      "top": 171.76,
      "left": 28.53,
      "attrs": { "value": "1000" }
    },
    {
      "type": "wokwi-resistor",
      "id": "r3",
      "top": 202.63,
      "left": 48.15,
      "attrs": { "value": "1000" }
    },
    { "type": "wokwi-lcd1602", "id": "lcd1", "top": -106.21, "left": 262.07, "attrs": {} },
    { "type": "wokwi-rgb-led", "id": "rgb1", "top": -20.34, "left": 105.08, "attrs": {} }
  ],
  "connections": [
    [ "r3:1", "pico:GP16", "green", [ "v7.12", "h-66.83" ] ],
    [ "rgb1:R", "r3:2", "green", [ "v185.83", "h-5.93" ] ],
    [ "r2:1", "pico:GP18", "green", [ "v8.89", "h-43.9" ] ],
    [ "rgb1:G", "r2:2", "green", [ "v154.05", "h-45.66" ] ],
    [ "pico:GP20", "r1:1", "green", [ "h0" ] ],
    [ "rgb1:B", "r1:2", "green", [ "v112.75", "h-66.2" ] ],
    [ "pico:3V3", "rgb1:COM", "green", [ "h137.12", "v-42.83" ] ]
  ]
}