{
  "version": 1,
  "author": "Anonymous maker",
  "editor": "wokwi",
  "parts": [
    {
      "type": "wokwi-pi-pico",
      "id": "pico",
      "top": -28,
      "left": -142,
      "attrs": { "env": "micropython-20220117-v1.18" }
    },
    { "type": "wokwi-hc-sr04", "id": "ultrasonic1", "top": -42.57, "left": 75.69, "attrs": {} }
  ],
  "connections": [
    [ "pico:3V3", "ultrasonic1:VCC", "red", [ "h60.02", "v53.91" ] ],
    [ "pico:GND.5", "ultrasonic1:GND", "black", [ "h0" ] ],
    [ "pico:GP2", "ultrasonic1:ECHO", "orange", [ "h-32.98", "v180.84", "h340.67" ] ],
    [ "pico:GP4", "ultrasonic1:TRIG", "yellow", [ "h-18.31", "v147.64", "h308" ] ]
  ]
}