{
  "version": 1,
  "author": "Anonymous maker",
  "editor": "wokwi",
  "parts": [
    {
      "type": "wokwi-pi-pico",
      "id": "pico",
      "top": -38,
      "left": -206,
      "attrs": { "env": "micropython-20220117-v1.18" }
    },
    { "type": "wokwi-servo", "id": "servo1", "top": -11.58, "left": 21.63, "attrs": {} }
  ],
  "connections": [
    [ "servo1:GND", "pico:GND.4", "black", [ "h-88.67", "v-101.6", "h-213.33", "v197.33" ] ],
    [ "servo1:V+", "pico:VBUS", "green", [ "h-124.67", "v-75.76" ] ],
    [ "pico:3V3_EN", "servo1:PWM", "green", [ "h17.29", "v103.84" ] ]
  ]
}