{
  "version": 1,
  "author": "Anonymous maker",
  "editor": "wokwi",
  "parts": [
    {
      "type": "wokwi-pi-pico",
      "id": "pico",
      "top": 0,
      "left": 0,
      "attrs": { "env": "micropython-20220117-v1.18" }
    },
    {
      "type": "wokwi-resistor",
      "id": "r1",
      "top": -58.7,
      "left": -19.92,
      "attrs": { "value": "1000" }
    },
    {
      "type": "wokwi-led",
      "id": "led1",
      "top": -27.161930397608245,
      "left": -215.90895874527328,
      "attrs": { "color": "red" }
    }
  ],
  "connections": [
    [ "led1:A", "pico:GP15", "green", [ "v178.11", "h190.43" ] ],
    [ "r1:1", "led1:C", "green", [ "v0.58", "h-201.81", "v-0.66" ] ],
    [ "r1:2", "pico:GND.8", "green", [ "v-1.4", "h152.57", "v68.79" ] ]
  ]
}