{
  "version": 1,
  "author": "Anonymous maker",
  "editor": "wokwi",
  "parts": [
    {
      "type": "wokwi-pi-pico",
      "id": "pico",
      "top": -5.33,
      "left": 135.33,
      "attrs": { "env": "micropython-20220117-v1.18" }
    },
    { "type": "wokwi-7segment", "id": "sevseg1", "top": 12.1, "left": -134.98, "attrs": {} },
    { "type": "wokwi-slide-switch", "id": "sw1", "top": 185.09, "left": -119.98, "attrs": {} }
  ],
  "connections": [
    [ "pico:GP3", "sevseg1:B", "green", [ "h-142.98", "v-75.43", "h-88.67" ] ],
    [ "pico:GP2", "sevseg1:A", "green", [ "h-125.64", "v-79.83", "h-108" ] ],
    [ "pico:VSYS", "sevseg1:COM.2", "green", [ "h63.36", "v-91.3", "h-390" ] ],
    [ "sevseg1:C", "pico:GP4", "green", [ "v15.47", "h201.73", "v-36.93" ] ],
    [ "sevseg1:D", "pico:GP5", "green", [ "v36.13", "h229.07", "v-50.08" ] ],
    [ "sevseg1:E", "pico:GND.2", "green", [ "v54.28", "h246.18", "v-60.09" ] ],
    [ "pico:GP11", "sw1:2", "green", [ "h-6.86", "v116.06", "h-234.42" ] ],
    [ "pico:3V3", "sw1:1", "green", [ "h52.92", "v250.89", "h-383.27" ] ],
    [
      "sevseg1:G",
      "pico:GP6",
      "green",
      [ "v-95.74", "h-76.59", "v146.89", "h0.77", "v88.44", "h326.08", "v-72.29" ]
    ],
    [ "sw1:3", "pico:GND.3", "green", [ "v0" ] ],
    [ "pico:GP8", "sevseg1:F", "green", [ "h-105.51", "v-218.76", "h-146.89" ] ]
  ]
}