{
  "version": 1,
  "author": "Anonymous maker",
  "editor": "wokwi",
  "parts": [
    {
      "type": "wokwi-pi-pico",
      "id": "pico",
      "top": -4.67,
      "left": -43.33,
      "attrs": { "env": "micropython-20220117-v1.18" }
    },
    {
      "type": "wokwi-resistor",
      "id": "r1",
      "top": -110.91,
      "left": -41.71,
      "attrs": { "value": "1000" }
    },
    {
      "type": "wokwi-led",
      "id": "led1",
      "top": -7.91,
      "left": -199.37,
      "attrs": { "color": "red" }
    },
    {
      "type": "wokwi-led",
      "id": "led2",
      "top": -10.24,
      "left": -130.37,
      "attrs": { "color": "green" }
    }
  ],
  "connections": [
    [ "r1:2", "pico:GND.8", "green", [ "v2.07", "h169.67", "v123.33" ] ],
    [ "led2:A", "pico:GP14", "green", [ "v0" ] ],
    [ "led1:A", "pico:GP15", "green", [ "v0" ] ],
    [ "led1:C", "r1:1", "green", [ "v18.73", "h-39.67", "v-151.33" ] ],
    [ "led2:C", "r1:1", "green", [ "v15.06", "h52" ] ]
  ]
}