{
  "version": 1,
  "author": "Anonymous maker",
  "editor": "wokwi",
  "parts": [
    {
      "type": "wokwi-pi-pico",
      "id": "pico",
      "top": 0,
      "left": 0,
      "attrs": { "env": "micropython-20220117-v1.18" }
    },
    {
      "type": "wokwi-led",
      "id": "led1",
      "top": -22.32,
      "left": -135.67,
      "attrs": { "color": "red" }
    },
    {
      "type": "wokwi-resistor",
      "id": "r1",
      "top": -110.5,
      "left": -31.38,
      "attrs": { "value": "1000" }
    },
    {
      "type": "wokwi-led",
      "id": "led2",
      "top": -23.64,
      "left": -91.36,
      "attrs": { "color": "green" }
    }
  ],
  "connections": [
    [ "r1:2", "pico:GND.8", "green", [ "v0.13", "h206.36", "v132.94", "h-31.75" ] ],
    [ "led1:A", "pico:GP12", "green", [ "v136.9", "h116.14", "v-0.66" ] ],
    [ "led1:C", "r1:1", "green", [ "v20.49", "h-84.86", "v-140.88", "h114.42" ] ],
    [ "led2:C", "r1:1", "green", [ "v8.58", "h-25.33" ] ],
    [ "led2:A", "pico:GP13", "green", [ "v0" ] ]
  ]
}